{
	"ImportPath": "github.com/tools/godep",
	"GoVersion": "go1.7",
	"GodepVersion": "v74",
	"Deps": [
		{
			"ImportPath": "github.com/kr/fs",
			"Rev": "2788f0dbd16903de03cb8186e5c7d97b69ad387b"
		},
		{
			"ImportPath": "github.com/kr/pretty",
			"Comment": "go.weekly.2011-12-22-24-gf31442d",
			"Rev": "f31442d60e51465c69811e2107ae978868dbea5c"
		},
		{
			"ImportPath": "github.com/kr/text",
			"Rev": "6807e777504f54ad073ecef66747de158294b639"
		},
		{
			"ImportPath": "github.com/pmezard/go-difflib/difflib",
			"Rev": "f78a839676152fd9f4863704f5d516195c18fc14"
		},
		{
			"ImportPath": "golang.org/x/tools/go/vcs",
			"Rev": "1f1b3322f67af76803c942fd237291538ec68262"
		}
	]
}
